description,category
обед в столовой,Еда
полдник у столовой,Еда
обед на столовой,Еда
обед в столовой,Еда
обед в столовой,Еда
обед в столовой,Еда
обед в столовой,Еда
трапеза около столовой,Еда
обед в столовой,Еда
обед на столовой,Еда
обед в,Еда
ужин в ресторане,Еда
ужин в ресторане,Еда
ужин ресторане,Еда
ужин в ресторане,Еда
ужин в ресторане,Еда
ужин в ресторане,Еда
ужин по ресторане,Еда
ужин в ресторане,Еда
ужин в ресторане утром,Еда
ужин около ресторане,Еда
ужин в ресторане,Еда
завтрак в кафе,Еда
завтрак в кафе,Еда
завтрак в кофейня,Еда
завтрак по кафе,Еда
завтрак по кафе,Еда
завтрак в кафе,Еда
завтрак в кафе,Еда
завтрак в кафе,Еда
в кафе,Еда
завтрак в кафе,Еда
завтрак на кофейня после работы,Еда
обед с коллегами,Еда
обед а также коллегами,Еда
обед и коллегами,Еда
обед с коллегами,Еда
обед а также коллегами,Еда
обед вместе с коллегами,Еда
полдник с коллегами,Еда
обед плюс,Еда
трапеза с коллегами,Еда
полдник плюс коллегами,Еда
ланч с коллегами,Еда
доставка еды,Еда
доставка,Еда
доставка еды,Еда
доставка еды,Еда
доставка еды,Еда
еды,Еда
доставка еды после работы,Еда
доставка еды,Еда
доставка еды после работы,Еда
доставка еды,Еда
доставка еды,Еда
суши на обед,Еда
суши на полдник,Еда
суши для ланч,Еда
суши на обед,Еда
суши на обед,Еда
суши на трапеза,Еда
суши на обед,Еда
суши для обед,Еда
суши на обед,Еда
на прием пищи,Еда
суши ради обед,Еда
пицца вечером,Еда
пицца вечером,Еда
пицца вечером,Еда
пицца вечером,Еда
пицца вечером вечером,Еда
пицца вечером,Еда
пицца вечером после работы,Еда
пицца вечером,Еда
пицца вечером,Еда
пицца вечером,Еда
пицца вечером,Еда
бургер и картошка,Еда
бургер и картошка,Еда
бургер и картошка утром,Еда
бургер и картошка,Еда
бургер и картошка,Еда
бургер и картошка,Еда
бургер и картошка,Еда
бургер и,Еда
бургер и картошка,Еда
бургер и картошка,Еда
бургер и картошка утром,Еда
шаурма,Еда
шаурма,Еда
шаурма,Еда
шаурма,Еда
шаурма,Еда
шаурма,Еда
шаурма,Еда
шаурма,Еда
шаурма,Еда
шаурма,Еда
шаурма утром,Еда
обед бизнес ланч,Еда
обед бизнес ланч,Еда
обед бизнес ланч,Еда
обед бизнес ланч,Еда
обед бизнес ланч после работы,Еда
обед бизнес ланч,Еда
перекус бизнес ланч,Еда
обед бизнес ланч,Еда
ланч бизнес ланч сегодня,Еда
трапеза бизнес ланч,Еда
обед бизнес ланч после работы,Еда
закуски к пиву,Еда
закуски к пиву,Еда
закуски к пиву,Еда
закуски к пиву,Еда
закуски к пиву,Еда
закуски к пиву,Еда
закуски к пиву,Еда
закуски к пиву,Еда
закуски к пиву утром,Еда
закуски к пиву,Еда
закуски к пиву,Еда
фастфуд,Еда
фастфуд,Еда
фастфуд,Еда
фастфуд,Еда
фастфуд,Еда
фастфуд,Еда
фастфуд,Еда
фастфуд,Еда
фастфуд утром,Еда
фастфуд,Еда
фастфуд вечером,Еда
стритфуд,Еда
стритфуд,Еда
стритфуд,Еда
стритфуд,Еда
стритфуд,Еда
стритфуд,Еда
стритфуд,Еда
стритфуд,Еда
стритфуд,Еда
стритфуд сегодня,Еда
стритфуд,Еда
завтрак в постель,Еда
завтрак в постель,Еда
завтрак по постель,Еда
завтрак около постель,Еда
завтрак по постель,Еда
завтрак в постель,Еда
завтрак в постель,Еда
завтрак около постель сегодня,Еда
завтрак на постель,Еда
завтрак в постель,Еда
завтрак в постель,Еда
поздний ужин,Еда
поздний вечерняя трапеза утром,Еда
ужинать,Еда
поздний ужин,Еда
поздний ужин,Еда
поздний ужин,Еда
поздний ужин,Еда
поздний ужин,Еда
поздний ужин,Еда
поздний ужин,Еда
поздний поужинать,Еда
шведский стол,Еда
шведский стол,Еда
шведский стол,Еда
шведский стол,Еда
шведский стол,Еда
шведский стол,Еда
шведский стол,Еда
шведский стол,Еда
шведский стол,Еда
шведский стол,Еда
шведский стол,Еда
детский завтрак,Еда
детский завтрак,Еда
детский завтрак,Еда
детский завтрак,Еда
детский завтрак,Еда
детский завтрак,Еда
детский завтрак,Еда
детский завтрак,Еда
завтрак,Еда
детский завтрак,Еда
детский завтрак,Еда
корпоративный обед,Еда
корпоративный обед сегодня,Еда
корпоративный обед,Еда
корпоративный обед,Еда
корпоративный обед,Еда
корпоративный трапеза,Еда
корпоративный обед,Еда
корпоративный обед,Еда
корпоративный обед,Еда
корпоративный обед сегодня,Еда
корпоративный обед,Еда
еда в поезде,Еда
еда в поезде,Еда
еда по поезде,Еда
еда по,Еда
еда в поезде,Еда
еда в поезде,Еда
еда в поезде,Еда
еда в поезде вечером,Еда
еда в поезде,Еда
еда около поезде,Еда
еда в поезде,Еда
пикник в парке,Еда
пикник на парке,Еда
пикник в парке,Еда
пикник в парке сегодня,Еда
пикник около парке вечером,Еда
пикник в парке вечером,Еда
пикник на парке,Еда
пикник у парке после работы,Еда
пикник в парке,Еда
пикник около парке,Еда
пикник в парке,Еда
такси до работы,Транспорт
такси до работы,Транспорт
такси до работы,Транспорт
такси к работы,Транспорт
uber до работы,Транспорт
такси работы,Транспорт
такси до работы вечером,Транспорт
такси до работы,Транспорт
такси на работы,Транспорт
такси до работы,Транспорт
такси до работы,Транспорт
метро,Транспорт
метро сегодня,Транспорт
метрополитен,Транспорт
метро,Транспорт
метро,Транспорт
метро,Транспорт
подземка,Транспорт
метро вечером,Транспорт
метро,Транспорт
метро,Транспорт
метро,Транспорт
автобус,Транспорт
автобус,Транспорт
автобус,Транспорт
автобус,Транспорт
автобус,Транспорт
автобус,Транспорт
автобус,Транспорт
автобус,Транспорт
автобус после работы,Транспорт
автобус,Транспорт
автобус,Транспорт
бензин,Транспорт
бензин,Транспорт
бензин,Транспорт
бензин,Транспорт
бензин,Транспорт
бензин,Транспорт
бензин,Транспорт
бензин сегодня,Транспорт
бензин,Транспорт
бензин после работы,Транспорт
бензин,Транспорт
заправка,Транспорт
заправка,Транспорт
заправка,Транспорт
заправка,Транспорт
заправка,Транспорт
заправка,Транспорт
заправка,Транспорт
заправка,Транспорт
заправка,Транспорт
заправка,Транспорт
заправка,Транспорт
парковка,Транспорт
парковка,Транспорт
парковка,Транспорт
парковка,Транспорт
парковка,Транспорт
парковка,Транспорт
парковка,Транспорт
парковка,Транспорт
парковка сегодня,Транспорт
парковка,Транспорт
парковка,Транспорт
каршеринг,Транспорт
каршеринг,Транспорт
каршеринг,Транспорт
каршеринг,Транспорт
каршеринг,Транспорт
каршеринг,Транспорт
каршеринг,Транспорт
каршеринг,Транспорт
каршеринг после работы,Транспорт
каршеринг,Транспорт
каршеринг,Транспорт
такси домой,Транспорт
такси домой,Транспорт
такси домой,Транспорт
такси домой,Транспорт
яндекс такси домой,Транспорт
такси домой,Транспорт
такси домой,Транспорт
такси домой,Транспорт
такси домой,Транспорт
uber домой,Транспорт
такси домой,Транспорт
проездной,Транспорт
проездной сегодня,Транспорт
проездной вечером,Транспорт
проездной,Транспорт
проездной,Транспорт
проездной,Транспорт
проездной,Транспорт
проездной,Транспорт
проездной,Транспорт
проездной,Транспорт
проездной,Транспорт
штраф гибдд,Транспорт
штраф гибдд,Транспорт
штраф гибдд,Транспорт
штраф гибдд,Транспорт
штраф гибдд,Транспорт
штраф гибдд,Транспорт
штраф гибдд,Транспорт
штраф гибдд,Транспорт
штраф гибдд,Транспорт
штраф,Транспорт
штраф гибдд,Транспорт
ремонт машины,Транспорт
ремонт машины после работы,Транспорт
ремонт машины,Транспорт
ремонт машины,Транспорт
ремонт машины,Транспорт
ремонт машины,Транспорт
ремонт машины,Транспорт
ремонт машины,Транспорт
ремонт машины,Транспорт
ремонт машины,Транспорт
ремонт машины,Транспорт
страховка осаго,Транспорт
страховка осаго,Транспорт
страховка осаго,Транспорт
страховка осаго,Транспорт
страховка осаго сегодня,Транспорт
страховка,Транспорт
страховка осаго,Транспорт
страховка осаго,Транспорт
страховка осаго,Транспорт
осаго,Транспорт
страховка осаго,Транспорт
техосмотр,Транспорт
техосмотр,Транспорт
техосмотр,Транспорт
техосмотр,Транспорт
техосмотр,Транспорт
техосмотр вечером,Транспорт
техосмотр,Транспорт
техосмотр,Транспорт
техосмотр,Транспорт
техосмотр,Транспорт
техосмотр,Транспорт
мойка автомобиля,Транспорт
мойка автомобиля,Транспорт
мойка автомобиля,Транспорт
мойка автомобиля после работы,Транспорт
мойка автомобиля,Транспорт
автомобиля,Транспорт
мойка автомобиля,Транспорт
мойка автомобиля,Транспорт
мойка автомобиля,Транспорт
мойка автомобиля после работы,Транспорт
автомобиля,Транспорт
эвакуатор,Транспорт
эвакуатор,Транспорт
эвакуатор,Транспорт
эвакуатор,Транспорт
эвакуатор,Транспорт
эвакуатор,Транспорт
эвакуатор,Транспорт
эвакуатор,Транспорт
эвакуатор,Транспорт
эвакуатор,Транспорт
эвакуатор сегодня,Транспорт
велорикша,Транспорт
велорикша,Транспорт
велорикша,Транспорт
велорикша,Транспорт
велорикша,Транспорт
велорикша,Транспорт
велорикша,Транспорт
велорикша,Транспорт
велорикша,Транспорт
велорикша,Транспорт
велорикша,Транспорт
самокат напрокат,Транспорт
напрокат,Транспорт
самокат напрокат,Транспорт
самокат напрокат,Транспорт
самокат напрокат,Транспорт
напрокат,Транспорт
напрокат,Транспорт
самокат напрокат,Транспорт
напрокат,Транспорт
самокат напрокат,Транспорт
напрокат,Транспорт
аренда авто,Транспорт
аренда авто,Транспорт
аренда авто,Транспорт
аренда авто,Транспорт
аренда авто,Транспорт
аренда авто утром,Транспорт
аренда авто,Транспорт
аренда авто,Транспорт
аренда авто,Транспорт
аренда авто,Транспорт
аренда авто,Транспорт
билет на поезд,Транспорт
билет для поезд,Транспорт
билет на поезд,Транспорт
билет на поезд,Транспорт
билет для поезд,Транспорт
билет на поезд,Транспорт
билет на,Транспорт
билет на поезд,Транспорт
билет поезд,Транспорт
билет в качестве поезд,Транспорт
билет в качестве поезд,Транспорт
авиабилет,Транспорт
авиабилет,Транспорт
авиабилет,Транспорт
авиабилет,Транспорт
авиабилет,Транспорт
авиабилет вечером,Транспорт
авиабилет,Транспорт
авиабилет,Транспорт
авиабилет,Транспорт
авиабилет,Транспорт
авиабилет,Транспорт
кино,Развлечения
кино,Развлечения
кинотеатр,Развлечения
кинолента вечером,Развлечения
кино утром,Развлечения
фильм,Развлечения
кино,Развлечения
сеанс,Развлечения
кино,Развлечения
кино,Развлечения
кино,Развлечения
концерт,Развлечения
концерт,Развлечения
концерт,Развлечения
концерт,Развлечения
концерт,Развлечения
концерт,Развлечения
концерт,Развлечения
концерт,Развлечения
концерт,Развлечения
концерт,Развлечения
концерт,Развлечения
театр,Развлечения
театр,Развлечения
театр,Развлечения
театр,Развлечения
театр,Развлечения
театр,Развлечения
театр,Развлечения
театр,Развлечения
театр,Развлечения
театр,Развлечения
театр,Развлечения
боулинг,Развлечения
боулинг,Развлечения
боулинг,Развлечения
боулинг после работы,Развлечения
боулинг,Развлечения
боулинг вечером,Развлечения
боулинг,Развлечения
боулинг,Развлечения
боулинг,Развлечения
боулинг,Развлечения
боулинг,Развлечения
квест,Развлечения
квест,Развлечения
квест,Развлечения
квест,Развлечения
квест,Развлечения
квест,Развлечения
квест,Развлечения
квест,Развлечения
квест,Развлечения
квест,Развлечения
квест,Развлечения
цирк,Развлечения
цирк,Развлечения
цирк,Развлечения
цирк,Развлечения
цирк,Развлечения
цирк,Развлечения
цирк,Развлечения
цирк,Развлечения
цирк,Развлечения
цирк,Развлечения
цирк,Развлечения
выставка,Развлечения
выставка,Развлечения
выставка,Развлечения
выставка,Развлечения
выставка,Развлечения
выставка,Развлечения
выставка,Развлечения
выставка,Развлечения
выставка,Развлечения
выставка,Развлечения
выставка,Развлечения
парк аттракционов,Развлечения
парк аттракционов,Развлечения
парк аттракционов,Развлечения
парк аттракционов после работы,Развлечения
парк аттракционов,Развлечения
парк,Развлечения
парк аттракционов утром,Развлечения
парк аттракционов,Развлечения
парк аттракционов,Развлечения
парк аттракционов,Развлечения
парк аттракционов,Развлечения
бильярд,Развлечения
бильярд,Развлечения
бильярд,Развлечения
бильярд,Развлечения
бильярд,Развлечения
бильярд,Развлечения
бильярд,Развлечения
бильярд,Развлечения
бильярд,Развлечения
бильярд,Развлечения
бильярд,Развлечения
ночной клуб,Развлечения
ночной клуб,Развлечения
ночной клуб,Развлечения
ночной клуб,Развлечения
ночной клуб,Развлечения
ночной клуб,Развлечения
клуб,Развлечения
ночной клуб,Развлечения
ночной клуб сегодня,Развлечения
ночной клуб,Развлечения
ночной клуб,Развлечения
пейнтбол,Развлечения
пейнтбол,Развлечения
пейнтбол,Развлечения
пейнтбол,Развлечения
пейнтбол,Развлечения
пейнтбол после работы,Развлечения
пейнтбол,Развлечения
пейнтбол,Развлечения
пейнтбол,Развлечения
пейнтбол,Развлечения
пейнтбол,Развлечения
лазертаг,Развлечения
лазертаг,Развлечения
лазертаг,Развлечения
лазертаг,Развлечения
лазертаг после работы,Развлечения
лазертаг утром,Развлечения
лазертаг,Развлечения
лазертаг,Развлечения
лазертаг,Развлечения
лазертаг сегодня,Развлечения
лазертаг,Развлечения
караоке,Развлечения
караоке,Развлечения
караоке,Развлечения
караоке,Развлечения
караоке,Развлечения
караоке,Развлечения
караоке,Развлечения
караоке,Развлечения
караоке,Развлечения
караоке,Развлечения
караоке утром,Развлечения
билет на матч,Развлечения
билет на матч вечером,Развлечения
билет на матч,Развлечения
билет на матч,Развлечения
на матч,Развлечения
билет для матч,Развлечения
билет матч,Развлечения
билет на матч,Развлечения
билет на матч,Развлечения
билет на матч,Развлечения
билет для матч,Развлечения
дельфинарий,Развлечения
дельфинарий,Развлечения
дельфинарий,Развлечения
дельфинарий,Развлечения
дельфинарий утром,Развлечения
дельфинарий,Развлечения
дельфинарий сегодня,Развлечения
дельфинарий,Развлечения
дельфинарий,Развлечения
дельфинарий,Развлечения
дельфинарий,Развлечения
зоопарк,Развлечения
зоопарк,Развлечения
зоопарк,Развлечения
зоопарк,Развлечения
зоопарк вечером,Развлечения
зоопарк,Развлечения
зоопарк,Развлечения
зоопарк,Развлечения
зоопарк,Развлечения
зоопарк,Развлечения
зоопарк,Развлечения
музей,Развлечения
музей,Развлечения
музей,Развлечения
музей сегодня,Развлечения
музей,Развлечения
музей,Развлечения
музей,Развлечения
музей,Развлечения
музей,Развлечения
музей,Развлечения
музей,Развлечения
галерея,Развлечения
галерея,Развлечения
галерея,Развлечения
галерея,Развлечения
галерея,Развлечения
галерея после работы,Развлечения
галерея,Развлечения
галерея,Развлечения
галерея,Развлечения
галерея,Развлечения
галерея,Развлечения
планетарий,Развлечения
планетарий,Развлечения
планетарий,Развлечения
планетарий,Развлечения
планетарий,Развлечения
планетарий вечером,Развлечения
планетарий,Развлечения
планетарий,Развлечения
планетарий,Развлечения
планетарий,Развлечения
планетарий,Развлечения
прогулка на теплоходе,Развлечения
прогулка на теплоходе,Развлечения
прогулка на теплоходе,Развлечения
прогулка теплоходе,Развлечения
прогулка на теплоходе,Развлечения
на теплоходе,Развлечения
прогулка ради теплоходе,Развлечения
прогулка на теплоходе,Развлечения
прогулка ради теплоходе,Развлечения
прогулка на теплоходе,Развлечения
прогулка на теплоходе,Развлечения
кофе в старбакс,Кафе
кофе в старбакс,Кафе
кофе в старбакс,Кафе
кофе в,Кафе
кофе около старбакс,Кафе
латте по старбакс,Кафе
кофе на старбакс,Кафе
кофе по старбакс,Кафе
кофе на старбакс,Кафе
кофе в старбакс,Кафе
глясе в старбакс вечером,Кафе
кофе с собой,Кафе
кофе собой,Кафе
с собой,Кафе
кофе с собой,Кафе
латте собой,Кафе
кофе с собой,Кафе
кофе с собой,Кафе
латте с собой,Кафе
американо с собой,Кафе
кофе и собой,Кафе
кофе с собой,Кафе
чай в кофейне,Кафе
чай в кофейне,Кафе
чай около кофейне,Кафе
чай в кофейне,Кафе
чай по кофейне,Кафе
чай кофейне,Кафе
чай у кофейне,Кафе
чай в кофейне,Кафе
чай в кофейне,Кафе
чай в кофейне,Кафе
чай в кофейне,Кафе
кофе и пирожное,Кафе
раф и пирожное,Кафе
глясе и пирожное,Кафе
кофе и пирожное,Кафе
американо и пирожное,Кафе
эспрессо и пирожное,Кафе
кофе и пирожное,Кафе
кофе и пирожное сегодня,Кафе
кофе пирожное,Кафе
кофе и пирожное,Кафе
кофе и пирожное утром,Кафе
кофе утром,Кафе
кофе утром,Кафе
утром,Кафе
кофе утром,Кафе
кофе утром,Кафе
кофе утром,Кафе
кофе утром,Кафе
эспрессо утром,Кафе
кофе утром,Кафе
кофе утром,Кафе
кофе утром,Кафе
капучино,Кафе
капучино,Кафе
капучино,Кафе
капучино,Кафе
капучино,Кафе
капучино,Кафе
капучино вечером,Кафе
капучино,Кафе
капучино утром,Кафе
капучино,Кафе
капучино,Кафе
латте,Кафе
латте,Кафе
латте,Кафе
латте утром,Кафе
латте,Кафе
латте,Кафе
латте утром,Кафе
латте,Кафе
латте вечером,Кафе
латте,Кафе
латте,Кафе
посидел в кофейне,Кафе
посидел в кофейне,Кафе
посидел в кофейне,Кафе
посидел у кофейне,Кафе
посидел в кофейне сегодня,Кафе
на кофейне,Кафе
посидел в кофейне,Кафе
посидел в кофейне после работы,Кафе
посидел в кофейне,Кафе
посидел в,Кафе
на кофейне,Кафе
кофе на вынос,Кафе
кофе на вынос,Кафе
кофе ради вынос,Кафе
капучино на вынос,Кафе
кофе на вынос,Кафе
кофе в качестве вынос,Кафе
кофе на вынос,Кафе
капучино на вынос утром,Кафе
кофе на вынос,Кафе
глясе на вынос,Кафе
кофе на вынос,Кафе
десерт в кафе,Кафе
десерт у кафе,Кафе
десерт в закусочная,Кафе
десерт в ресторан быстрого питания,Кафе
десерт в кафе,Кафе
десерт в кафе,Кафе
десерт в бистро,Кафе
десерт в кафе,Кафе
десерт в ресторан быстрого питания,Кафе
десерт у кафе,Кафе
десерт в ресторан быстрого питания,Кафе
фраппучино,Кафе
фраппучино,Кафе
фраппучино после работы,Кафе
фраппучино,Кафе
фраппучино,Кафе
фраппучино после работы,Кафе
фраппучино,Кафе
фраппучино,Кафе
фраппучино,Кафе
фраппучино утром,Кафе
фраппучино,Кафе
горячий шоколад,Кафе
горячий шоколад,Кафе
горячий шоколад,Кафе
горячий шоколад,Кафе
горячий шоколад,Кафе
горячий шоколад,Кафе
горячий шоколад вечером,Кафе
горячий шоколад,Кафе
горячий шоколад,Кафе
горячий шоколад,Кафе
горячий,Кафе
чай с печеньем,Кафе
чай с печеньем,Кафе
чай с печеньем,Кафе
чай с печеньем,Кафе
чай а также печеньем,Кафе
чай вместе с печеньем,Кафе
чай с печеньем,Кафе
чай с печеньем,Кафе
чай с печеньем,Кафе
чай вместе с печеньем,Кафе
с печеньем,Кафе
посиделки в кафе,Кафе
посиделки в кафе,Кафе
посиделки в кофейня сегодня,Кафе
посиделки в закусочная,Кафе
посиделки в кафе,Кафе
посиделки в закусочная,Кафе
посиделки в кафе,Кафе
посиделки в кафе,Кафе
посиделки у кафе,Кафе
посиделки в кафе,Кафе
посиделки в кафе,Кафе
рабочая встреча в кофейне,Кафе
рабочая встреча в кофейне,Кафе
рабочая встреча на кофейне,Кафе
рабочая встреча кофейне,Кафе
рабочая встреча в кофейне,Кафе
рабочая встреча в кофейне,Кафе
рабочая встреча в кофейне,Кафе
рабочая встреча по кофейне,Кафе
рабочая встреча в кофейне,Кафе
рабочая встреча в кофейне,Кафе
рабочая в кофейне,Кафе
смузи,Кафе
смузи,Кафе
смузи,Кафе
смузи,Кафе
смузи,Кафе
смузи,Кафе
смузи,Кафе
смузи,Кафе
смузи,Кафе
смузи,Кафе
смузи,Кафе
коктейль безалкогольный,Кафе
коктейль безалкогольный,Кафе
коктейль безалкогольный,Кафе
безалкогольный,Кафе
коктейль безалкогольный,Кафе
коктейль безалкогольный,Кафе
коктейль безалкогольный,Кафе
коктейль безалкогольный,Кафе
коктейль безалкогольный,Кафе
коктейль безалкогольный,Кафе
коктейль безалкогольный,Кафе
выпечка в кафе,Кафе
выпечка в кафе,Кафе
выпечка в кафе,Кафе
в кафе,Кафе
выпечка в кафе сегодня,Кафе
выпечка в кафе,Кафе
выпечка в,Кафе
выпечка в бистро,Кафе
выпечка в кафе,Кафе
выпечка в кафе,Кафе
выпечка в кафе,Кафе
тортик в кофейне,Кафе
тортик в кофейне,Кафе
тортик по кофейне,Кафе
тортик в кофейне,Кафе
тортик в кофейне,Кафе
тортик по кофейне,Кафе
тортик в кофейне,Кафе
тортик в кофейне,Кафе
тортик в кофейне,Кафе
тортик около кофейне вечером,Кафе
тортик в кофейне,Кафе
матча латте,Кафе
матча латте,Кафе
матча латте,Кафе
матча латте,Кафе
матча латте,Кафе
матча латте,Кафе
матча латте,Кафе
матча латте,Кафе
матча латте,Кафе
матча латте,Кафе
матча латте,Кафе
продукты в пятерочке,Продукты
еда в пятерочке,Продукты
покупки в пятерочке,Продукты
продукты в пятерочке,Продукты
продукты в пятерочке,Продукты
продукты в пятерочке,Продукты
еда в пятерочке вечером,Продукты
еда в пятерочке,Продукты
продукты в пятерочке,Продукты
продукты по пятерочке,Продукты
продукты в пятерочке,Продукты
магнит,Продукты
магнит,Продукты
магнит,Продукты
магнит,Продукты
магнит,Продукты
магнит,Продукты
магнит,Продукты
магнит,Продукты
магнит,Продукты
магнит,Продукты
магнит,Продукты
ашан,Продукты
ашан,Продукты
ашан,Продукты
ашан,Продукты
ашан,Продукты
ашан,Продукты
ашан,Продукты
ашан,Продукты
ашан,Продукты
ашан,Продукты
ашан вечером,Продукты
лента,Продукты
лента,Продукты
лента,Продукты
лента,Продукты
лента,Продукты
лента после работы,Продукты
лента,Продукты
лента,Продукты
лента,Продукты
лента,Продукты
лента,Продукты
метро,Продукты
метро сегодня,Продукты
метро,Продукты
метро,Продукты
метро,Продукты
метро после работы,Продукты
метрополитен,Продукты
метрополитен,Продукты
метро,Продукты
подземный транспорт,Продукты
метро,Продукты
перекресток,Продукты
перекресток,Продукты
перекресток,Продукты
перекресток,Продукты
перекресток сегодня,Продукты
перекресток,Продукты
перекресток,Продукты
перекресток,Продукты
перекресток,Продукты
перекресток,Продукты
перекресток,Продукты
продукты домой,Продукты
продукты домой,Продукты
продукты домой,Продукты
продукты домой,Продукты
еда домой,Продукты
домой,Продукты
провизия домой,Продукты
продукты домой,Продукты
продукты домой,Продукты
продукты,Продукты
домой,Продукты
овощи фрукты,Продукты
овощи фрукты,Продукты
овощи фрукты,Продукты
овощи фрукты,Продукты
овощи фрукты,Продукты
овощи фрукты,Продукты
овощи фрукты,Продукты
овощи фрукты,Продукты
овощи фрукты,Продукты
овощи фрукты,Продукты
овощи фрукты,Продукты
мясо рыба,Продукты
мясо рыба сегодня,Продукты
мясо рыба,Продукты
мясо рыба,Продукты
мясо рыба утром,Продукты
мясо рыба после работы,Продукты
мясо рыба,Продукты
мясо рыба,Продукты
мясо рыба,Продукты
мясо рыба,Продукты
мясо рыба,Продукты
молочные продукты,Продукты
молочные продукты вечером,Продукты
молочные продукты,Продукты
молочные,Продукты
молочные продукты,Продукты
молочные продукты,Продукты
молочные продукты утром,Продукты
молочные продукты,Продукты
молочные продукты,Продукты
молочные продукты,Продукты
молочные еда,Продукты
консервы,Продукты
консервы,Продукты
консервы,Продукты
консервы,Продукты
консервы,Продукты
консервы,Продукты
консервы после работы,Продукты
консервы,Продукты
консервы,Продукты
консервы,Продукты
консервы,Продукты
бакалея,Продукты
бакалея,Продукты
бакалея,Продукты
бакалея,Продукты
бакалея,Продукты
бакалея,Продукты
бакалея,Продукты
бакалея,Продукты
бакалея,Продукты
бакалея,Продукты
бакалея,Продукты
хлебобулочные,Продукты
хлебобулочные,Продукты
хлебобулочные,Продукты
хлебобулочные,Продукты
хлебобулочные,Продукты
хлебобулочные,Продукты
хлебобулочные,Продукты
хлебобулочные,Продукты
хлебобулочные,Продукты
хлебобулочные,Продукты
хлебобулочные после работы,Продукты
заморозка,Продукты
заморозка,Продукты
заморозка,Продукты
заморозка,Продукты
заморозка,Продукты
заморозка вечером,Продукты
заморозка,Продукты
заморозка,Продукты
заморозка,Продукты
заморозка,Продукты
заморозка,Продукты
полуфабрикаты,Продукты
полуфабрикаты,Продукты
полуфабрикаты,Продукты
полуфабрикаты,Продукты
полуфабрикаты,Продукты
полуфабрикаты,Продукты
полуфабрикаты,Продукты
полуфабрикаты,Продукты
полуфабрикаты,Продукты
полуфабрикаты,Продукты
полуфабрикаты,Продукты
снеки,Продукты
снеки,Продукты
снеки,Продукты
снеки,Продукты
снеки,Продукты
снеки,Продукты
снеки,Продукты
снеки,Продукты
снеки сегодня,Продукты
снеки,Продукты
снеки,Продукты
напитки,Продукты
напитки,Продукты
напитки,Продукты
напитки,Продукты
напитки,Продукты
напитки,Продукты
напитки,Продукты
напитки,Продукты
напитки,Продукты
напитки,Продукты
напитки вечером,Продукты
алкоголь,Продукты
алкоголь,Продукты
алкоголь,Продукты
алкоголь,Продукты
алкоголь,Продукты
алкоголь,Продукты
алкоголь,Продукты
алкоголь после работы,Продукты
алкоголь,Продукты
алкоголь,Продукты
алкоголь,Продукты
детское питание,Продукты
детское питание,Продукты
детское питание,Продукты
детское питание,Продукты
детское питание,Продукты
питание,Продукты
детское питание,Продукты
детское питание,Продукты
детское питание,Продукты
детское питание,Продукты
детское питание,Продукты
корм для питомца,Продукты
корм для питомца,Продукты
корм для питомца,Продукты
корм для питомца,Продукты
корм для питомца,Продукты
корм для питомца,Продукты
корм для питомца,Продукты
корм для питомца,Продукты
корм для питомца,Продукты
корм для питомца,Продукты
корм для питомца,Продукты
аптека,Здоровье
аптека,Здоровье
аптека,Здоровье
аптека,Здоровье
аптека,Здоровье
аптека,Здоровье
аптека,Здоровье
аптека,Здоровье
аптека,Здоровье
аптека,Здоровье
аптека,Здоровье
лекарства,Здоровье
лекарства,Здоровье
лекарства,Здоровье
лекарства,Здоровье
лекарства,Здоровье
лекарства,Здоровье
лекарства,Здоровье
лекарства,Здоровье
лекарства вечером,Здоровье
лекарства,Здоровье
лекарства,Здоровье
стоматолог,Здоровье
стоматолог,Здоровье
стоматолог,Здоровье
стоматолог,Здоровье
стоматолог,Здоровье
стоматолог,Здоровье
стоматолог,Здоровье
стоматолог,Здоровье
стоматолог,Здоровье
стоматолог,Здоровье
стоматолог,Здоровье
врач,Здоровье
врач,Здоровье
врач,Здоровье
врач вечером,Здоровье
врач,Здоровье
врач,Здоровье
врач,Здоровье
врач,Здоровье
врач,Здоровье
врач,Здоровье
врач,Здоровье
больница,Здоровье
больница,Здоровье
больница,Здоровье
больница,Здоровье
больница,Здоровье
больница,Здоровье
больница,Здоровье
больница,Здоровье
больница,Здоровье
больница,Здоровье
больница сегодня,Здоровье
анализы,Здоровье
анализы,Здоровье
анализы,Здоровье
анализы,Здоровье
анализы,Здоровье
анализы,Здоровье
анализы,Здоровье
анализы утром,Здоровье
анализы,Здоровье
анализы утром,Здоровье
анализы,Здоровье
спортзал,Здоровье
спортзал,Здоровье
спортзал,Здоровье
спортзал,Здоровье
спортзал,Здоровье
спортзал,Здоровье
спортзал,Здоровье
спортзал,Здоровье
спортзал,Здоровье
спортзал,Здоровье
спортзал,Здоровье
бассейн,Здоровье
бассейн,Здоровье
бассейн,Здоровье
бассейн,Здоровье
бассейн,Здоровье
бассейн,Здоровье
бассейн,Здоровье
бассейн,Здоровье
бассейн после работы,Здоровье
бассейн,Здоровье
бассейн,Здоровье
йога,Здоровье
йога,Здоровье
йога,Здоровье
йога,Здоровье
йога,Здоровье
йога,Здоровье
йога,Здоровье
йога,Здоровье
йога,Здоровье
йога,Здоровье
йога сегодня,Здоровье
фитнес,Здоровье
фитнес вечером,Здоровье
фитнес,Здоровье
фитнес,Здоровье
фитнес,Здоровье
фитнес после работы,Здоровье
фитнес,Здоровье
фитнес,Здоровье
фитнес,Здоровье
фитнес,Здоровье
фитнес,Здоровье
массаж,Здоровье
массаж,Здоровье
массаж,Здоровье
массаж,Здоровье
массаж,Здоровье
массаж,Здоровье
массаж,Здоровье
массаж утром,Здоровье
массаж,Здоровье
массаж,Здоровье
массаж,Здоровье
физиотерапия,Здоровье
физиотерапия,Здоровье
физиотерапия,Здоровье
физиотерапия,Здоровье
физиотерапия,Здоровье
физиотерапия сегодня,Здоровье
физиотерапия,Здоровье
физиотерапия вечером,Здоровье
физиотерапия,Здоровье
физиотерапия,Здоровье
физиотерапия,Здоровье
оптика,Здоровье
оптика,Здоровье
оптика,Здоровье
оптика,Здоровье
оптика,Здоровье
оптика,Здоровье
оптика утром,Здоровье
оптика,Здоровье
оптика,Здоровье
оптика,Здоровье
оптика,Здоровье
витамины,Здоровье
витамины после работы,Здоровье
витамины,Здоровье
витамины,Здоровье
витамины,Здоровье
витамины,Здоровье
витамины,Здоровье
витамины,Здоровье
витамины,Здоровье
витамины вечером,Здоровье
витамины,Здоровье
бад,Здоровье
бад,Здоровье
бад,Здоровье
бад,Здоровье
бад,Здоровье
бад,Здоровье
бад,Здоровье
бад,Здоровье
бад,Здоровье
бад,Здоровье
бад вечером,Здоровье
консультация врача,Здоровье
консультация,Здоровье
врача,Здоровье
консультация врача,Здоровье
консультация врача,Здоровье
консультация врача,Здоровье
консультация врача,Здоровье
консультация врача,Здоровье
консультация врача утром,Здоровье
консультация врача вечером,Здоровье
консультация,Здоровье
узи,Здоровье
узи,Здоровье
узи,Здоровье
узи,Здоровье
узи,Здоровье
узи,Здоровье
узи,Здоровье
узи вечером,Здоровье
узи,Здоровье
узи,Здоровье
узи,Здоровье
рентген,Здоровье
рентген,Здоровье
рентген,Здоровье
рентген,Здоровье
рентген,Здоровье
рентген,Здоровье
рентген,Здоровье
рентген,Здоровье
рентген,Здоровье
рентген сегодня,Здоровье
рентген,Здоровье
прививка,Здоровье
прививка сегодня,Здоровье
прививка,Здоровье
прививка,Здоровье
прививка,Здоровье
прививка,Здоровье
прививка,Здоровье
прививка,Здоровье
прививка,Здоровье
прививка после работы,Здоровье
прививка,Здоровье
медосмотр,Здоровье
медосмотр,Здоровье
медосмотр,Здоровье
медосмотр,Здоровье
медосмотр после работы,Здоровье
медосмотр,Здоровье
медосмотр,Здоровье
медосмотр,Здоровье
медосмотр,Здоровье
медосмотр,Здоровье
медосмотр,Здоровье
курсы английского,Образование
курсы английского,Образование
курсы английского,Образование
курсы,Образование
курсы английского,Образование
курсы английского,Образование
курсы английского,Образование
курсы английского,Образование
курсы английского,Образование
курсы английского,Образование
курсы английского,Образование
книги,Образование
книги,Образование
книги,Образование
книги утром,Образование
книги,Образование
книги,Образование
книги,Образование
книги утром,Образование
книги,Образование
книги,Образование
книги,Образование
учебники,Образование
учебники,Образование
учебники,Образование
учебники,Образование
учебники,Образование
учебники,Образование
учебники,Образование
учебники,Образование
учебники,Образование
учебники,Образование
учебники,Образование
онлайн курс,Образование
онлайн курс,Образование
онлайн курс,Образование
онлайн курс,Образование
онлайн курс,Образование
онлайн курс вечером,Образование
онлайн курс,Образование
онлайн курс,Образование
онлайн курс,Образование
онлайн курс,Образование
онлайн курс,Образование
репетитор,Образование
репетитор вечером,Образование
репетитор,Образование
репетитор утром,Образование
репетитор,Образование
репетитор,Образование
репетитор,Образование
репетитор,Образование
репетитор,Образование
репетитор,Образование
репетитор,Образование
семинар,Образование
семинар,Образование
семинар,Образование
семинар после работы,Образование
семинар,Образование
семинар сегодня,Образование
семинар,Образование
семинар,Образование
семинар,Образование
семинар,Образование
семинар,Образование
вебинар,Образование
вебинар,Образование
вебинар,Образование
вебинар,Образование
вебинар,Образование
вебинар,Образование
вебинар,Образование
вебинар,Образование
вебинар,Образование
вебинар после работы,Образование
вебинар после работы,Образование
тренинг,Образование
тренинг,Образование
тренинг,Образование
тренинг,Образование
тренинг,Образование
тренинг вечером,Образование
тренинг утром,Образование
тренинг,Образование
тренинг,Образование
тренинг вечером,Образование
тренинг,Образование
канцтовары,Образование
канцтовары,Образование
канцтовары,Образование
канцтовары,Образование
канцтовары,Образование
канцтовары утром,Образование
канцтовары,Образование
канцтовары,Образование
канцтовары,Образование
канцтовары,Образование
канцтовары,Образование
мастер класс,Образование
мастер класс,Образование
мастер класс,Образование
мастер класс утром,Образование
мастер класс,Образование
мастер класс,Образование
мастер класс,Образование
мастер класс,Образование
мастер класс,Образование
мастер класс,Образование
класс,Образование
подписка на образовательную платформу,Образование
подписка на образовательную платформу,Образование
подписка на образовательную платформу,Образование
подписка на образовательную платформу,Образование
подписка на образовательную платформу,Образование
подписка на образовательную платформу,Образование
подписка на образовательную платформу,Образование
подписка в качестве образовательную платформу,Образование
подписка на образовательную платформу,Образование
подписка ради образовательную платформу,Образование
подписка на образовательную платформу,Образование
школьные принадлежности,Образование
школьные принадлежности,Образование
школьные принадлежности,Образование
школьные принадлежности,Образование
школьные принадлежности,Образование
школьные принадлежности сегодня,Образование
школьные,Образование
школьные принадлежности сегодня,Образование
школьные принадлежности,Образование
школьные принадлежности,Образование
школьные принадлежности,Образование
учебные материалы,Образование
учебные материалы,Образование
материалы,Образование
учебные материалы,Образование
учебные материалы,Образование
учебные материалы,Образование
учебные материалы сегодня,Образование
материалы,Образование
учебные материалы,Образование
учебные материалы,Образование
учебные материалы,Образование
конференция,Образование
конференция,Образование
конференция,Образование
конференция,Образование
конференция,Образование
конференция,Образование
конференция,Образование
конференция,Образование
конференция,Образование
конференция,Образование
конференция,Образование
воркшоп,Образование
воркшоп,Образование
воркшоп после работы,Образование
воркшоп,Образование
воркшоп,Образование
воркшоп,Образование
воркшоп,Образование
воркшоп,Образование
воркшоп,Образование
воркшоп,Образование
воркшоп,Образование
курсы программирования,Образование
курсы программирования,Образование
курсы программирования,Образование
курсы программирования,Образование
курсы программирования,Образование
курсы,Образование
курсы программирования,Образование
курсы программирования,Образование
курсы программирования,Образование
курсы программирования,Образование
курсы программирования,Образование
языковая школа,Образование
языковая школа,Образование
языковая школа,Образование
языковая школа,Образование
языковая школа,Образование
языковая школа,Образование
языковая школа,Образование
языковая,Образование
языковая школа,Образование
языковая школа,Образование
языковая школа,Образование
подготовка к экзаменам,Образование
к экзаменам,Образование
подготовка к экзаменам,Образование
подготовка к,Образование
подготовка к экзаменам,Образование
подготовка к экзаменам сегодня,Образование
подготовка к экзаменам,Образование
подготовка к экзаменам,Образование
подготовка к экзаменам,Образование
подготовка к экзаменам,Образование
подготовка к экзаменам,Образование
студенческие расходы,Образование
студенческие расходы,Образование
студенческие расходы,Образование
студенческие расходы,Образование
студенческие расходы,Образование
студенческие расходы,Образование
студенческие расходы сегодня,Образование
студенческие расходы,Образование
студенческие расходы,Образование
студенческие расходы,Образование
студенческие расходы,Образование
электронные книги,Образование
электронные книги,Образование
электронные книги,Образование
электронные книги после работы,Образование
электронные книги,Образование
электронные,Образование
электронные книги,Образование
электронные,Образование
электронные книги,Образование
электронные книги,Образование
электронные книги,Образование
подарок,Другое
подарок,Другое
подарок,Другое
подарок,Другое
подарок,Другое
подарок,Другое
подарок,Другое
подарок,Другое
подарок,Другое
подарок,Другое
подарок,Другое
цветы,Другое
цветы,Другое
цветы,Другое
цветы сегодня,Другое
цветы,Другое
цветы,Другое
цветы,Другое
цветы,Другое
цветы,Другое
цветы вечером,Другое
цветы,Другое
ремонт,Другое
ремонт вечером,Другое
ремонт утром,Другое
ремонт,Другое
ремонт,Другое
ремонт,Другое
ремонт,Другое
ремонт,Другое
ремонт,Другое
ремонт,Другое
ремонт,Другое
одежда,Другое
одежда,Другое
одежда,Другое
одежда,Другое
одежда,Другое
одежда,Другое
одежда,Другое
одежда,Другое
одежда,Другое
одежда,Другое
одежда,Другое
обувь,Другое
обувь,Другое
обувь,Другое
обувь после работы,Другое
обувь,Другое
обувь,Другое
обувь,Другое
обувь сегодня,Другое
обувь,Другое
обувь вечером,Другое
обувь,Другое
косметика,Другое
косметика,Другое
косметика,Другое
косметика,Другое
косметика,Другое
косметика,Другое
косметика утром,Другое
косметика утром,Другое
косметика после работы,Другое
косметика,Другое
косметика,Другое
парикмахерская,Другое
парикмахерская,Другое
парикмахерская,Другое
парикмахерская утром,Другое
парикмахерская,Другое
парикмахерская утром,Другое
парикмахерская,Другое
парикмахерская,Другое
парикмахерская утром,Другое
парикмахерская,Другое
парикмахерская,Другое
химчистка,Другое
химчистка,Другое
химчистка,Другое
химчистка,Другое
химчистка,Другое
химчистка,Другое
химчистка,Другое
химчистка,Другое
химчистка,Другое
химчистка утром,Другое
химчистка,Другое
подарок на др,Другое
подарок на др,Другое
подарок на др,Другое
подарок на др,Другое
подарок за др,Другое
подарок за др,Другое
подарок на др,Другое
подарок на др,Другое
подарок за др,Другое
подарок на др,Другое
подарок на др сегодня,Другое
благотворительность,Другое
благотворительность,Другое
благотворительность,Другое
благотворительность,Другое
благотворительность вечером,Другое
благотворительность,Другое
благотворительность,Другое
благотворительность,Другое
благотворительность,Другое
благотворительность,Другое
благотворительность,Другое
ювелирные изделия,Другое
ювелирные изделия вечером,Другое
ювелирные изделия,Другое
ювелирные изделия,Другое
ювелирные изделия,Другое
ювелирные изделия утром,Другое
ювелирные изделия,Другое
ювелирные изделия,Другое
ювелирные изделия,Другое
ювелирные,Другое
ювелирные изделия сегодня,Другое
аксессуары,Другое
аксессуары утром,Другое
аксессуары,Другое
аксессуары,Другое
аксессуары,Другое
аксессуары,Другое
аксессуары,Другое
аксессуары,Другое
аксессуары,Другое
аксессуары,Другое
аксессуары,Другое
посуда,Другое
посуда,Другое
посуда,Другое
посуда,Другое
посуда,Другое
посуда,Другое
посуда,Другое
посуда,Другое
посуда,Другое
посуда,Другое
посуда,Другое
мебель,Другое
мебель,Другое
мебель вечером,Другое
мебель,Другое
мебель,Другое
мебель,Другое
мебель,Другое
мебель вечером,Другое
мебель,Другое
мебель,Другое
мебель,Другое
бытовая техника,Другое
бытовая техника после работы,Другое
бытовая техника,Другое
бытовая техника утром,Другое
бытовая техника,Другое
бытовая техника,Другое
техника,Другое
бытовая техника,Другое
бытовая техника,Другое
бытовая техника,Другое
бытовая техника утром,Другое
строительные материалы,Другое
строительные материалы,Другое
строительные материалы,Другое
строительные материалы,Другое
строительные материалы,Другое
строительные материалы,Другое
строительные материалы утром,Другое
строительные материалы,Другое
строительные материалы,Другое
строительные материалы,Другое
строительные материалы утром,Другое
инструменты,Другое
инструменты,Другое
инструменты,Другое
инструменты,Другое
инструменты сегодня,Другое
инструменты,Другое
инструменты,Другое
инструменты,Другое
инструменты,Другое
инструменты,Другое
инструменты,Другое
хозтовары,Другое
хозтовары,Другое
хозтовары вечером,Другое
хозтовары,Другое
хозтовары сегодня,Другое
хозтовары,Другое
хозтовары,Другое
хозтовары вечером,Другое
хозтовары,Другое
хозтовары,Другое
хозтовары,Другое
услуги сантехника,Другое
услуги,Другое
услуги сантехника,Другое
услуги сантехника,Другое
услуги,Другое
услуги сантехника,Другое
услуги сантехника,Другое
услуги сантехника,Другое
услуги сантехника,Другое
услуги сантехника,Другое
услуги сантехника,Другое
электрик,Другое
электрик,Другое
электрик,Другое
электрик,Другое
электрик,Другое
электрик,Другое
электрик,Другое
электрик,Другое
электрик,Другое
электрик,Другое
электрик,Другое
Непонятное,Другое
Непонятное,Другое
Непонятное,Другое
Непонятное,Другое
Непонятное,Другое
Непонятное,Другое
Непонятное,Другое
Непонятное,Другое
Непонятное,Другое
Непонятное,Другое
Непонятное,Другое
Всякое,Другое
Всякое,Другое
Всякое утром,Другое
Всякое,Другое
Всякое,Другое
Всякое после работы,Другое
Всякое,Другое
Всякое,Другое
Всякое вечером,Другое
Всякое,Другое
Всякое,Другое
Неизвестное,Другое
Неизвестное,Другое
Неизвестное,Другое
Неизвестное,Другое
Неизвестное,Другое
Неизвестное,Другое
Неизвестное утром,Другое
Неизвестное,Другое
Неизвестное,Другое
Неизвестное,Другое
Неизвестное,Другое
Разное,Другое
Разное утром,Другое
Разное,Другое
Разное,Другое
Разное вечером,Другое
Разное,Другое
Разное,Другое
Разное,Другое
Разное,Другое
Разное,Другое
Разное,Другое
